[
{
  "model": "admin.logentry",
  "pk": 1,
  "fields": {
    "action_time": "2023-06-27T12:14:31.282Z",
    "user": 1,
    "content_type": 7,
    "object_id": "1",
    "object_repr": "post 1",
    "action_flag": 1,
    "change_message": "[{\"added\": {}}]"
  }
},
{
  "model": "admin.logentry",
  "pk": 2,
  "fields": {
    "action_time": "2023-06-27T12:22:46.672Z",
    "user": 1,
    "content_type": 7,
    "object_id": "2",
    "object_repr": "post 2",
    "action_flag": 1,
    "change_message": "[{\"added\": {}}]"
  }
},
{
  "model": "admin.logentry",
  "pk": 3,
  "fields": {
    "action_time": "2023-06-27T13:57:21.156Z",
    "user": 1,
    "content_type": 7,
    "object_id": "4",
    "object_repr": "One more post",
    "action_flag": 2,
    "change_message": "[{\"changed\": {\"fields\": [\"Status\"]}}]"
  }
},
{
  "model": "admin.logentry",
  "pk": 4,
  "fields": {
    "action_time": "2023-06-27T13:57:29.879Z",
    "user": 1,
    "content_type": 7,
    "object_id": "3",
    "object_repr": "New Title",
    "action_flag": 2,
    "change_message": "[{\"changed\": {\"fields\": [\"Status\"]}}]"
  }
},
{
  "model": "admin.logentry",
  "pk": 5,
  "fields": {
    "action_time": "2023-06-27T15:43:54.582Z",
    "user": 1,
    "content_type": 7,
    "object_id": "1",
    "object_repr": "post 1",
    "action_flag": 2,
    "change_message": "[{\"changed\": {\"fields\": [\"Status\"]}}]"
  }
},
{
  "model": "admin.logentry",
  "pk": 6,
  "fields": {
    "action_time": "2023-06-27T15:54:24.611Z",
    "user": 1,
    "content_type": 7,
    "object_id": "1",
    "object_repr": "post 1",
    "action_flag": 2,
    "change_message": "[{\"changed\": {\"fields\": [\"Body\"]}}]"
  }
},
{
  "model": "admin.logentry",
  "pk": 7,
  "fields": {
    "action_time": "2023-06-27T15:54:27.931Z",
    "user": 1,
    "content_type": 7,
    "object_id": "2",
    "object_repr": "post 2",
    "action_flag": 2,
    "change_message": "[]"
  }
},
{
  "model": "admin.logentry",
  "pk": 8,
  "fields": {
    "action_time": "2023-06-27T15:54:41.273Z",
    "user": 1,
    "content_type": 7,
    "object_id": "3",
    "object_repr": "New Title",
    "action_flag": 2,
    "change_message": "[{\"changed\": {\"fields\": [\"Body\"]}}]"
  }
},
{
  "model": "admin.logentry",
  "pk": 9,
  "fields": {
    "action_time": "2023-06-27T15:54:54.735Z",
    "user": 1,
    "content_type": 7,
    "object_id": "4",
    "object_repr": "One more post",
    "action_flag": 2,
    "change_message": "[{\"changed\": {\"fields\": [\"Body\"]}}]"
  }
},
{
  "model": "admin.logentry",
  "pk": 10,
  "fields": {
    "action_time": "2023-06-27T20:55:53.058Z",
    "user": 1,
    "content_type": 8,
    "object_id": "1",
    "object_repr": "Comment by Yuriy on One more post",
    "action_flag": 2,
    "change_message": "[{\"changed\": {\"fields\": [\"Active\"]}}]"
  }
},
{
  "model": "admin.logentry",
  "pk": 11,
  "fields": {
    "action_time": "2023-06-28T07:58:21.800Z",
    "user": 1,
    "content_type": 7,
    "object_id": "2",
    "object_repr": "post 2",
    "action_flag": 2,
    "change_message": "[{\"changed\": {\"fields\": [\"Tags\"]}}]"
  }
},
{
  "model": "admin.logentry",
  "pk": 12,
  "fields": {
    "action_time": "2023-06-28T07:58:39.883Z",
    "user": 1,
    "content_type": 7,
    "object_id": "3",
    "object_repr": "New Title",
    "action_flag": 2,
    "change_message": "[{\"changed\": {\"fields\": [\"Tags\"]}}]"
  }
},
{
  "model": "admin.logentry",
  "pk": 13,
  "fields": {
    "action_time": "2023-06-28T07:59:04.438Z",
    "user": 1,
    "content_type": 7,
    "object_id": "4",
    "object_repr": "One more post",
    "action_flag": 2,
    "change_message": "[{\"changed\": {\"fields\": [\"Tags\"]}}]"
  }
},
{
  "model": "admin.logentry",
  "pk": 14,
  "fields": {
    "action_time": "2023-06-28T08:36:40.780Z",
    "user": 1,
    "content_type": 7,
    "object_id": "5",
    "object_repr": "post about art",
    "action_flag": 1,
    "change_message": "[{\"added\": {}}]"
  }
},
{
  "model": "admin.logentry",
  "pk": 15,
  "fields": {
    "action_time": "2023-06-28T08:37:38.107Z",
    "user": 1,
    "content_type": 7,
    "object_id": "5",
    "object_repr": "post about design",
    "action_flag": 2,
    "change_message": "[{\"changed\": {\"fields\": [\"Title\", \"Slug\", \"Body\", \"Publish\", \"Tags\"]}}]"
  }
},
{
  "model": "admin.logentry",
  "pk": 16,
  "fields": {
    "action_time": "2023-06-28T08:38:27.875Z",
    "user": 1,
    "content_type": 7,
    "object_id": "6",
    "object_repr": "post about art",
    "action_flag": 1,
    "change_message": "[{\"added\": {}}]"
  }
},
{
  "model": "admin.logentry",
  "pk": 17,
  "fields": {
    "action_time": "2023-06-28T08:51:39.327Z",
    "user": 1,
    "content_type": 7,
    "object_id": "7",
    "object_repr": "post about book",
    "action_flag": 1,
    "change_message": "[{\"added\": {}}]"
  }
},
{
  "model": "admin.logentry",
  "pk": 18,
  "fields": {
    "action_time": "2023-06-28T09:01:09.294Z",
    "user": 1,
    "content_type": 7,
    "object_id": "8",
    "object_repr": "just post",
    "action_flag": 1,
    "change_message": "[{\"added\": {}}]"
  }
},
{
  "model": "admin.logentry",
  "pk": 19,
  "fields": {
    "action_time": "2023-06-28T11:05:42.992Z",
    "user": 1,
    "content_type": 7,
    "object_id": "9",
    "object_repr": "markdown post",
    "action_flag": 1,
    "change_message": "[{\"added\": {}}]"
  }
},
{
  "model": "admin.logentry",
  "pk": 20,
  "fields": {
    "action_time": "2023-06-28T11:08:31.224Z",
    "user": 1,
    "content_type": 7,
    "object_id": "9",
    "object_repr": "markdown post",
    "action_flag": 2,
    "change_message": "[]"
  }
},
{
  "model": "admin.logentry",
  "pk": 21,
  "fields": {
    "action_time": "2023-06-28T11:11:32.963Z",
    "user": 1,
    "content_type": 7,
    "object_id": "9",
    "object_repr": "markdown post",
    "action_flag": 2,
    "change_message": "[]"
  }
},
{
  "model": "admin.logentry",
  "pk": 22,
  "fields": {
    "action_time": "2023-06-28T11:30:18.617Z",
    "user": 1,
    "content_type": 7,
    "object_id": "9",
    "object_repr": "markdown post",
    "action_flag": 2,
    "change_message": "[{\"changed\": {\"fields\": [\"Status\"]}}]"
  }
},
{
  "model": "admin.logentry",
  "pk": 23,
  "fields": {
    "action_time": "2023-06-28T11:52:59.975Z",
    "user": 1,
    "content_type": 11,
    "object_id": "1",
    "object_repr": "localhost:8000",
    "action_flag": 2,
    "change_message": "[{\"changed\": {\"fields\": [\"Domain name\", \"Display name\"]}}]"
  }
},
{
  "model": "auth.permission",
  "pk": 1,
  "fields": {
    "name": "Can add log entry",
    "content_type": 1,
    "codename": "add_logentry"
  }
},
{
  "model": "auth.permission",
  "pk": 2,
  "fields": {
    "name": "Can change log entry",
    "content_type": 1,
    "codename": "change_logentry"
  }
},
{
  "model": "auth.permission",
  "pk": 3,
  "fields": {
    "name": "Can delete log entry",
    "content_type": 1,
    "codename": "delete_logentry"
  }
},
{
  "model": "auth.permission",
  "pk": 4,
  "fields": {
    "name": "Can view log entry",
    "content_type": 1,
    "codename": "view_logentry"
  }
},
{
  "model": "auth.permission",
  "pk": 5,
  "fields": {
    "name": "Can add permission",
    "content_type": 2,
    "codename": "add_permission"
  }
},
{
  "model": "auth.permission",
  "pk": 6,
  "fields": {
    "name": "Can change permission",
    "content_type": 2,
    "codename": "change_permission"
  }
},
{
  "model": "auth.permission",
  "pk": 7,
  "fields": {
    "name": "Can delete permission",
    "content_type": 2,
    "codename": "delete_permission"
  }
},
{
  "model": "auth.permission",
  "pk": 8,
  "fields": {
    "name": "Can view permission",
    "content_type": 2,
    "codename": "view_permission"
  }
},
{
  "model": "auth.permission",
  "pk": 9,
  "fields": {
    "name": "Can add group",
    "content_type": 3,
    "codename": "add_group"
  }
},
{
  "model": "auth.permission",
  "pk": 10,
  "fields": {
    "name": "Can change group",
    "content_type": 3,
    "codename": "change_group"
  }
},
{
  "model": "auth.permission",
  "pk": 11,
  "fields": {
    "name": "Can delete group",
    "content_type": 3,
    "codename": "delete_group"
  }
},
{
  "model": "auth.permission",
  "pk": 12,
  "fields": {
    "name": "Can view group",
    "content_type": 3,
    "codename": "view_group"
  }
},
{
  "model": "auth.permission",
  "pk": 13,
  "fields": {
    "name": "Can add user",
    "content_type": 4,
    "codename": "add_user"
  }
},
{
  "model": "auth.permission",
  "pk": 14,
  "fields": {
    "name": "Can change user",
    "content_type": 4,
    "codename": "change_user"
  }
},
{
  "model": "auth.permission",
  "pk": 15,
  "fields": {
    "name": "Can delete user",
    "content_type": 4,
    "codename": "delete_user"
  }
},
{
  "model": "auth.permission",
  "pk": 16,
  "fields": {
    "name": "Can view user",
    "content_type": 4,
    "codename": "view_user"
  }
},
{
  "model": "auth.permission",
  "pk": 17,
  "fields": {
    "name": "Can add content type",
    "content_type": 5,
    "codename": "add_contenttype"
  }
},
{
  "model": "auth.permission",
  "pk": 18,
  "fields": {
    "name": "Can change content type",
    "content_type": 5,
    "codename": "change_contenttype"
  }
},
{
  "model": "auth.permission",
  "pk": 19,
  "fields": {
    "name": "Can delete content type",
    "content_type": 5,
    "codename": "delete_contenttype"
  }
},
{
  "model": "auth.permission",
  "pk": 20,
  "fields": {
    "name": "Can view content type",
    "content_type": 5,
    "codename": "view_contenttype"
  }
},
{
  "model": "auth.permission",
  "pk": 21,
  "fields": {
    "name": "Can add session",
    "content_type": 6,
    "codename": "add_session"
  }
},
{
  "model": "auth.permission",
  "pk": 22,
  "fields": {
    "name": "Can change session",
    "content_type": 6,
    "codename": "change_session"
  }
},
{
  "model": "auth.permission",
  "pk": 23,
  "fields": {
    "name": "Can delete session",
    "content_type": 6,
    "codename": "delete_session"
  }
},
{
  "model": "auth.permission",
  "pk": 24,
  "fields": {
    "name": "Can view session",
    "content_type": 6,
    "codename": "view_session"
  }
},
{
  "model": "auth.permission",
  "pk": 25,
  "fields": {
    "name": "Can add post",
    "content_type": 7,
    "codename": "add_post"
  }
},
{
  "model": "auth.permission",
  "pk": 26,
  "fields": {
    "name": "Can change post",
    "content_type": 7,
    "codename": "change_post"
  }
},
{
  "model": "auth.permission",
  "pk": 27,
  "fields": {
    "name": "Can delete post",
    "content_type": 7,
    "codename": "delete_post"
  }
},
{
  "model": "auth.permission",
  "pk": 28,
  "fields": {
    "name": "Can view post",
    "content_type": 7,
    "codename": "view_post"
  }
},
{
  "model": "auth.permission",
  "pk": 29,
  "fields": {
    "name": "Can add comment",
    "content_type": 8,
    "codename": "add_comment"
  }
},
{
  "model": "auth.permission",
  "pk": 30,
  "fields": {
    "name": "Can change comment",
    "content_type": 8,
    "codename": "change_comment"
  }
},
{
  "model": "auth.permission",
  "pk": 31,
  "fields": {
    "name": "Can delete comment",
    "content_type": 8,
    "codename": "delete_comment"
  }
},
{
  "model": "auth.permission",
  "pk": 32,
  "fields": {
    "name": "Can view comment",
    "content_type": 8,
    "codename": "view_comment"
  }
},
{
  "model": "auth.permission",
  "pk": 33,
  "fields": {
    "name": "Can add tag",
    "content_type": 9,
    "codename": "add_tag"
  }
},
{
  "model": "auth.permission",
  "pk": 34,
  "fields": {
    "name": "Can change tag",
    "content_type": 9,
    "codename": "change_tag"
  }
},
{
  "model": "auth.permission",
  "pk": 35,
  "fields": {
    "name": "Can delete tag",
    "content_type": 9,
    "codename": "delete_tag"
  }
},
{
  "model": "auth.permission",
  "pk": 36,
  "fields": {
    "name": "Can view tag",
    "content_type": 9,
    "codename": "view_tag"
  }
},
{
  "model": "auth.permission",
  "pk": 37,
  "fields": {
    "name": "Can add tagged item",
    "content_type": 10,
    "codename": "add_taggeditem"
  }
},
{
  "model": "auth.permission",
  "pk": 38,
  "fields": {
    "name": "Can change tagged item",
    "content_type": 10,
    "codename": "change_taggeditem"
  }
},
{
  "model": "auth.permission",
  "pk": 39,
  "fields": {
    "name": "Can delete tagged item",
    "content_type": 10,
    "codename": "delete_taggeditem"
  }
},
{
  "model": "auth.permission",
  "pk": 40,
  "fields": {
    "name": "Can view tagged item",
    "content_type": 10,
    "codename": "view_taggeditem"
  }
},
{
  "model": "auth.permission",
  "pk": 41,
  "fields": {
    "name": "Can add site",
    "content_type": 11,
    "codename": "add_site"
  }
},
{
  "model": "auth.permission",
  "pk": 42,
  "fields": {
    "name": "Can change site",
    "content_type": 11,
    "codename": "change_site"
  }
},
{
  "model": "auth.permission",
  "pk": 43,
  "fields": {
    "name": "Can delete site",
    "content_type": 11,
    "codename": "delete_site"
  }
},
{
  "model": "auth.permission",
  "pk": 44,
  "fields": {
    "name": "Can view site",
    "content_type": 11,
    "codename": "view_site"
  }
},
{
  "model": "auth.user",
  "pk": 1,
  "fields": {
    "password": "pbkdf2_sha256$600000$ed8UlEs28E6MV8BjqjVVSd$h4k02ztsrUwQ92r/k5wG20yDZM8/ZIxfCwRlXzpgCns=",
    "last_login": "2023-06-28T07:52:02.929Z",
    "is_superuser": true,
    "username": "admin",
    "first_name": "",
    "last_name": "",
    "email": "",
    "is_staff": true,
    "is_active": true,
    "date_joined": "2023-06-27T12:10:30.219Z",
    "groups": [],
    "user_permissions": []
  }
},
{
  "model": "contenttypes.contenttype",
  "pk": 1,
  "fields": {
    "app_label": "admin",
    "model": "logentry"
  }
},
{
  "model": "contenttypes.contenttype",
  "pk": 2,
  "fields": {
    "app_label": "auth",
    "model": "permission"
  }
},
{
  "model": "contenttypes.contenttype",
  "pk": 3,
  "fields": {
    "app_label": "auth",
    "model": "group"
  }
},
{
  "model": "contenttypes.contenttype",
  "pk": 4,
  "fields": {
    "app_label": "auth",
    "model": "user"
  }
},
{
  "model": "contenttypes.contenttype",
  "pk": 5,
  "fields": {
    "app_label": "contenttypes",
    "model": "contenttype"
  }
},
{
  "model": "contenttypes.contenttype",
  "pk": 6,
  "fields": {
    "app_label": "sessions",
    "model": "session"
  }
},
{
  "model": "contenttypes.contenttype",
  "pk": 7,
  "fields": {
    "app_label": "blog",
    "model": "post"
  }
},
{
  "model": "contenttypes.contenttype",
  "pk": 8,
  "fields": {
    "app_label": "blog",
    "model": "comment"
  }
},
{
  "model": "contenttypes.contenttype",
  "pk": 9,
  "fields": {
    "app_label": "taggit",
    "model": "tag"
  }
},
{
  "model": "contenttypes.contenttype",
  "pk": 10,
  "fields": {
    "app_label": "taggit",
    "model": "taggeditem"
  }
},
{
  "model": "contenttypes.contenttype",
  "pk": 11,
  "fields": {
    "app_label": "sites",
    "model": "site"
  }
},
{
  "model": "sessions.session",
  "pk": "5a98b5riql7dl20ji8jqovf7wi58lnmh",
  "fields": {
    "session_data": ".eJxVjM0OwiAQhN-FsyH8hC316N1nIMuySNVAUtqT8d2VpAdN5jTfN_MSAfethL3zGpYkzkKL028XkR5cB0h3rLcmqdVtXaIcijxol9eW-Hk53L-Dgr2MtUnWWg8W3ezQsfGUAYm0UtlNTn2jmczMk2cNNkLWLpuMCkAhRyPeH9JeN5Q:1qE7XT:GtSrLurgN_GuZgLqQTqU0I7lck_Kv4h_URjwIWaFc4I",
    "expire_date": "2023-07-11T12:11:19.080Z"
  }
},
{
  "model": "sessions.session",
  "pk": "nkyp58owz68pjw9d151nv3qdkd60isjo",
  "fields": {
    "session_data": ".eJxVjM0OwiAQhN-FsyH8hC316N1nIMuySNVAUtqT8d2VpAdN5jTfN_MSAfethL3zGpYkzkKL028XkR5cB0h3rLcmqdVtXaIcijxol9eW-Hk53L-Dgr2MtUnWWg8W3ezQsfGUAYm0UtlNTn2jmczMk2cNNkLWLpuMCkAhRyPeH9JeN5Q:1qEPy6:vn9YHK4g76XwpmoKykYLVnAu0hjprsGUnF01wVFcsI8",
    "expire_date": "2023-07-12T07:52:02.932Z"
  }
},
{
  "model": "blog.post",
  "pk": 1,
  "fields": {
    "title": "post 1",
    "slug": "post-1",
    "author": 1,
    "body": "Sed consectetur gravida nulla vel feugiat. In tellus diam, condimentum eu orci in, tempor tempor est. Fusce ullamcorper risus non ante condimentum aliquam. Vivamus cursus ligula sed nisl efficitur rhoncus. Nullam auctor sodales ipsum, ut placerat massa tincidunt vel. Proin ac lorem nec tortor dictum molestie at et eros. Suspendisse potenti. In vel hendrerit diam. Nulla id eros ac ligula gravida tempus. Ut in consectetur elit. Curabitur efficitur vel enim vitae dapibus. Etiam sodales tempus enim at tincidunt.",
    "publish": "2023-06-27T12:13:03Z",
    "created": "2023-06-27T12:14:31.280Z",
    "updated": "2023-06-27T15:54:24.603Z",
    "status": "PB"
  }
},
{
  "model": "blog.post",
  "pk": 2,
  "fields": {
    "title": "post 2",
    "slug": "post-2",
    "author": 1,
    "body": "Curabitur fringilla eget magna ac varius. Quisque magna sem, hendrerit sit amet magna et, sodales viverra arcu. Etiam gravida, est non pretium blandit, urna quam viverra sapien, maximus tempor mi erat quis orci. Curabitur sodales risus eget gravida auctor. Duis porta efficitur tellus nec ultricies. In justo sem, lobortis eu tortor a, semper finibus ex. Orci varius natoque penatibus et magnis dis parturient montes, nascetur ridiculus mus. Donec vehicula justo et enim viverra, id porttitor nisl rutrum. Lorem ipsum dolor sit amet, consectetur adipiscing elit. Praesent fringilla arcu at nibh ullamcorper pellentesque. Aliquam tempus, leo eu malesuada pellentesque, quam nisl lacinia tellus, dapibus tincidunt nibh tortor ut lacus. Nunc vulputate felis a porta vehicula. Aliquam porttitor tellus diam, non vulputate dui maximus sit amet. Curabitur aliquam aliquam dui, at ullamcorper justo mattis id. Proin sit amet magna dapibus, condimentum purus nec, ullamcorper lacus.",
    "publish": "2023-06-27T12:20:12Z",
    "created": "2023-06-27T12:22:46.664Z",
    "updated": "2023-06-28T07:58:21.793Z",
    "status": "PB"
  }
},
{
  "model": "blog.post",
  "pk": 3,
  "fields": {
    "title": "New Title",
    "slug": "another-post",
    "author": 1,
    "body": "Proin id sapien ante. Duis finibus erat eu porta consequat. Duis tincidunt blandit scelerisque. Mauris scelerisque convallis ante, vitae luctus est congue fermentum. Nunc non augue sem. Curabitur rhoncus justo porttitor, varius risus nec, dapibus velit. Integer risus dolor, rhoncus in lacus quis, pellentesque commodo urna. Aenean sed tellus id elit mattis dignissim commodo quis tortor. Nunc sed aliquet metus. Vestibulum efficitur mattis vehicula. Aliquam sapien nunc, scelerisque ut justo sed, tempus placerat nisl. Aliquam et blandit odio. Morbi ligula dolor, mattis eget ipsum a, dictum congue ligula.",
    "publish": "2023-06-27T12:44:49Z",
    "created": "2023-06-27T12:44:56.493Z",
    "updated": "2023-06-28T07:58:39.878Z",
    "status": "PB"
  }
},
{
  "model": "blog.post",
  "pk": 4,
  "fields": {
    "title": "One more post",
    "slug": "one-more-post",
    "author": 1,
    "body": "Aenean et lorem sapien. Quisque consequat venenatis purus non luctus. Morbi non justo neque. Etiam imperdiet purus in purus ullamcorper dictum. Maecenas lacinia tellus quis ex bibendum dignissim. Vivamus pellentesque aliquet lacus, at pellentesque est iaculis quis. Vestibulum sed urna et massa rhoncus egestas.",
    "publish": "2023-06-27T12:47:37Z",
    "created": "2023-06-27T12:47:37.605Z",
    "updated": "2023-06-28T07:59:04.433Z",
    "status": "PB"
  }
},
{
  "model": "blog.post",
  "pk": 5,
  "fields": {
    "title": "post about design",
    "slug": "post-about-design",
    "author": 1,
    "body": "Nullam eu nunc enim. Vestibulum ante ipsum primis in faucibus orci luctus et ultrices posuere cubilia curae; Nullam libero mi, sollicitudin et nulla a, laoreet luctus nulla. Quisque vitae orci felis. Donec sapien neque, tristique eu ullamcorper at, lacinia eget lectus. Maecenas semper sollicitudin magna id accumsan. Cras vulputate arcu orci, eu rutrum est aliquam eget. Integer euismod porttitor quam eget cursus. Fusce sed dignissim nisi. Maecenas tortor libero, congue ut porttitor eu, dictum non lectus. Pellentesque pharetra consectetur venenatis. Mauris luctus, elit vel ultrices semper, nisl dolor venenatis risus, eget bibendum turpis mauris ut ipsum. Phasellus auctor, risus sed dapibus laoreet, augue orci mollis dui, vitae porta tellus urna eget est. Praesent convallis mi ut aliquam tempor.",
    "publish": "2023-06-28T08:37:14Z",
    "created": "2023-06-28T08:36:40.773Z",
    "updated": "2023-06-28T08:37:38.102Z",
    "status": "PB"
  }
},
{
  "model": "blog.post",
  "pk": 6,
  "fields": {
    "title": "post about art",
    "slug": "post-about-art",
    "author": 1,
    "body": "Aliquam rutrum nisl vel est congue rhoncus. Quisque quis venenatis erat. Suspendisse auctor odio et vestibulum fermentum. Fusce in pellentesque purus. Donec id sem nisi. In nec tellus massa. Duis at libero ac lectus efficitur dignissim. Lorem ipsum dolor sit amet, consectetur adipiscing elit. Nam bibendum, magna at viverra dapibus, ante nibh varius nunc, quis interdum purus odio a orci. Sed vulputate nulla nec aliquet sodales. Nulla malesuada arcu vel eros pretium imperdiet. Cras fringilla libero ut elit malesuada, a facilisis augue dapibus. Aliquam nisi quam, hendrerit ac rhoncus at, aliquam a magna. Mauris fringilla pharetra sem, vitae suscipit tellus rutrum vitae. Aenean porttitor arcu eget imperdiet porta.",
    "publish": "2023-06-28T08:37:54Z",
    "created": "2023-06-28T08:38:27.869Z",
    "updated": "2023-06-28T08:38:27.869Z",
    "status": "PB"
  }
},
{
  "model": "blog.post",
  "pk": 7,
  "fields": {
    "title": "post about book",
    "slug": "post-about-book",
    "author": 1,
    "body": "Donec ultricies laoreet lacus, at imperdiet sapien. Sed nec mi at tellus sollicitudin vulputate. Aliquam ullamcorper dictum orci, non pulvinar augue congue eu. Duis lobortis accumsan tincidunt. Etiam at erat at urna blandit scelerisque. Phasellus sem lorem, rutrum vel arcu sit amet, luctus fermentum felis. Nam porttitor nisl mauris, a interdum lectus vehicula non. Etiam eget purus quis tortor mattis molestie vitae at neque. Phasellus non rutrum nisi. Pellentesque lobortis vitae mi nec pretium. Fusce varius metus vitae enim tincidunt scelerisque.",
    "publish": "2023-06-28T08:50:52Z",
    "created": "2023-06-28T08:51:39.323Z",
    "updated": "2023-06-28T08:51:39.323Z",
    "status": "PB"
  }
},
{
  "model": "blog.post",
  "pk": 8,
  "fields": {
    "title": "just post",
    "slug": "just-post",
    "author": 1,
    "body": "Duis iaculis sem lacus, eget malesuada magna luctus a. Ut gravida quis nunc sit amet efficitur. Maecenas commodo ante eget tortor finibus, id sodales leo pellentesque. Ut vel erat dui. Phasellus molestie mollis dignissim. Quisque rhoncus nibh at molestie dapibus. Donec consectetur magna sed arcu malesuada blandit. In elementum quis metus sollicitudin fermentum.",
    "publish": "2023-06-28T08:59:41Z",
    "created": "2023-06-28T09:01:09.290Z",
    "updated": "2023-06-28T09:01:09.290Z",
    "status": "PB"
  }
},
{
  "model": "blog.post",
  "pk": 9,
  "fields": {
    "title": "markdown post",
    "slug": "markdown-post",
    "author": 1,
    "body": "This is a post formatted with markdown\r\n--------------------------------------\r\n*This is emphasized* and **this is more emphasized**.\r\nHere is a list:\r\n* One\r\n* Two\r\n* Three\r\nAnd a [link to the Django website](https://www.djangoproject.com/).",
    "publish": "2023-06-28T11:04:58Z",
    "created": "2023-06-28T11:05:42.988Z",
    "updated": "2023-06-28T11:30:18.614Z",
    "status": "DF"
  }
},
{
  "model": "blog.comment",
  "pk": 1,
  "fields": {
    "post": 4,
    "name": "Yuriy",
    "email": "ydtalel@gmail.com",
    "body": "it's awesome!",
    "created": "2023-06-27T20:52:03.867Z",
    "updated": "2023-06-27T20:55:53.056Z",
    "active": false
  }
},
{
  "model": "blog.comment",
  "pk": 2,
  "fields": {
    "post": 4,
    "name": "Sanya",
    "email": "sanya@yandex.com",
    "body": "nice work!",
    "created": "2023-06-27T20:52:57.884Z",
    "updated": "2023-06-27T20:52:57.884Z",
    "active": true
  }
},
{
  "model": "blog.comment",
  "pk": 3,
  "fields": {
    "post": 1,
    "name": "vanya",
    "email": "vanya@gmail.com",
    "body": "well done!",
    "created": "2023-06-28T10:18:33.850Z",
    "updated": "2023-06-28T10:18:33.850Z",
    "active": true
  }
},
{
  "model": "blog.comment",
  "pk": 4,
  "fields": {
    "post": 4,
    "name": "evgen",
    "email": "evgen@gmail.com",
    "body": "like!",
    "created": "2023-06-28T10:19:35.613Z",
    "updated": "2023-06-28T10:19:35.613Z",
    "active": true
  }
},
{
  "model": "taggit.tag",
  "pk": 1,
  "fields": {
    "name": "jazz",
    "slug": "jazz"
  }
},
{
  "model": "taggit.tag",
  "pk": 2,
  "fields": {
    "name": "django",
    "slug": "django"
  }
},
{
  "model": "taggit.tag",
  "pk": 3,
  "fields": {
    "name": "music",
    "slug": "music"
  }
},
{
  "model": "taggit.tag",
  "pk": 4,
  "fields": {
    "name": "movie",
    "slug": "movie"
  }
},
{
  "model": "taggit.tag",
  "pk": 5,
  "fields": {
    "name": "travel",
    "slug": "travel"
  }
},
{
  "model": "taggit.tag",
  "pk": 6,
  "fields": {
    "name": "art",
    "slug": "art"
  }
},
{
  "model": "taggit.tag",
  "pk": 7,
  "fields": {
    "name": "design",
    "slug": "design"
  }
},
{
  "model": "taggit.tag",
  "pk": 8,
  "fields": {
    "name": "books",
    "slug": "books"
  }
},
{
  "model": "taggit.tag",
  "pk": 9,
  "fields": {
    "name": "other",
    "slug": "other"
  }
},
{
  "model": "taggit.tag",
  "pk": 10,
  "fields": {
    "name": "markdown",
    "slug": "markdown"
  }
},
{
  "model": "taggit.taggeditem",
  "pk": 1,
  "fields": {
    "tag": 1,
    "content_type": 7,
    "object_id": 1
  }
},
{
  "model": "taggit.taggeditem",
  "pk": 3,
  "fields": {
    "tag": 3,
    "content_type": 7,
    "object_id": 1
  }
},
{
  "model": "taggit.taggeditem",
  "pk": 4,
  "fields": {
    "tag": 3,
    "content_type": 7,
    "object_id": 2
  }
},
{
  "model": "taggit.taggeditem",
  "pk": 5,
  "fields": {
    "tag": 4,
    "content_type": 7,
    "object_id": 2
  }
},
{
  "model": "taggit.taggeditem",
  "pk": 6,
  "fields": {
    "tag": 4,
    "content_type": 7,
    "object_id": 3
  }
},
{
  "model": "taggit.taggeditem",
  "pk": 7,
  "fields": {
    "tag": 5,
    "content_type": 7,
    "object_id": 3
  }
},
{
  "model": "taggit.taggeditem",
  "pk": 8,
  "fields": {
    "tag": 3,
    "content_type": 7,
    "object_id": 4
  }
},
{
  "model": "taggit.taggeditem",
  "pk": 9,
  "fields": {
    "tag": 5,
    "content_type": 7,
    "object_id": 4
  }
},
{
  "model": "taggit.taggeditem",
  "pk": 10,
  "fields": {
    "tag": 4,
    "content_type": 7,
    "object_id": 5
  }
},
{
  "model": "taggit.taggeditem",
  "pk": 12,
  "fields": {
    "tag": 6,
    "content_type": 7,
    "object_id": 5
  }
},
{
  "model": "taggit.taggeditem",
  "pk": 13,
  "fields": {
    "tag": 7,
    "content_type": 7,
    "object_id": 5
  }
},
{
  "model": "taggit.taggeditem",
  "pk": 14,
  "fields": {
    "tag": 4,
    "content_type": 7,
    "object_id": 6
  }
},
{
  "model": "taggit.taggeditem",
  "pk": 15,
  "fields": {
    "tag": 6,
    "content_type": 7,
    "object_id": 6
  }
},
{
  "model": "taggit.taggeditem",
  "pk": 16,
  "fields": {
    "tag": 7,
    "content_type": 7,
    "object_id": 6
  }
},
{
  "model": "taggit.taggeditem",
  "pk": 17,
  "fields": {
    "tag": 8,
    "content_type": 7,
    "object_id": 7
  }
},
{
  "model": "taggit.taggeditem",
  "pk": 18,
  "fields": {
    "tag": 9,
    "content_type": 7,
    "object_id": 8
  }
},
{
  "model": "taggit.taggeditem",
  "pk": 19,
  "fields": {
    "tag": 10,
    "content_type": 7,
    "object_id": 9
  }
},
{
  "model": "sites.site",
  "pk": 1,
  "fields": {
    "domain": "localhost:8000",
    "name": "localhost:8000"
  }
}
]
